Source,Target
CIA,AGP
CIA,PMI
CIA,STN
CIA,BCN
CIA,BGY
CIA,BHX
CIA,BLQ
CIA,BOH
CIA,BRS
CIA,BVA
CIA,CRL
CIA,DUB
CIA,EDI
CIA,EIN
CIA,EMA
CIA,FKB
CIA,HHN
CIA,LBA
CIA,LPL
CIA,LTN
CIA,MAD
CIA,MAN
CIA,NOC
CIA,NRN
CIA,ORK
CIA,PIK
CIA,SCQ
CIA,SDR
CIA,SNN
CIA,STN
CIA,SVQ
CIA,ZAZ
CIA,CRL
CIA,MRS
CIA,AAR
CIA,BCN
CIA,BGY
CIA,BHX
CIA,BLL
CIA,BLQ
CIA,BOH
CIA,BRE
CIA,BRS
CIA,BRU
CIA,BTS
CIA,BVA
CIA,CGN
CIA,CIA
CIA,CRL
CIA,DTM
CIA,DUB
CIA,EDI
CIA,EIN
CIA,EMA
CIA,FKB
CIA,FMM
CIA,FMO
CIA,GSE
CIA,HAU
CIA,HHN
CIA,IBZ
CIA,KRK
CIA,LBA
CIA,LPL
CIA,MAN
CIA,MMX
CIA,MRS
CIA,NOC
CIA,NRN
CIA,NUE
CIA,NYO
CIA,ORK
CIA,PIK
CIA,PMI
CIA,RYG
CIA,SCQ
CIA,SDR
CIA,SNN
CIA,STN
CIA,TMP
CIA,TRF
CIA,TSF
CIA,VST
CIA,WRO
CIA,AOI
CIA,BGY
CIA,BLL
CIA,BLQ
CIA,BTS
CIA,BVA
CIA,CIA
CIA,CRL
CIA,CUF
CIA,DTM
CIA,DUB
CIA,EIN
CIA,FMM
CIA,GRO
CIA,GSE
CIA,HHN
CIA,LTN
CIA,MAD
CIA,NRN
CIA,NYO
CIA,PMF
CIA,PSA
CIA,STN
CIA,TRF
CIA,TRS
CIA,TSF
CIA,BGY
CIA,BHX
CIA,BLL
CIA,BLQ
CIA,BOH
CIA,BRE
CIA,BRS
CIA,BRU
CIA,BVA
CIA,CRL
CIA,DUB
CIA,EDI
CIA,EIN
CIA,EMA
CIA,FKB
CIA,FMM
CIA,GSE
CIA,HAU
CIA,HHN
CIA,KIR
CIA,KRK
CIA,KTW
CIA,KUN
CIA,LBA
CIA,LPL
CIA,MAN
CIA,MST
CIA,NOC
CIA,NRN
CIA,NUE
CIA,NYO
CIA,PIK
CIA,RYG
CIA,SCQ
CIA,SNN
CIA,STN
CIA,TMP
CIA,TRF
CIA,VST
CIA,VXO
CIA,WMI
CIA,WRO
CIA,AHO
CIA,CRL
CIA,NRN
CIA,STN
CIA,TPS
CIA,BGY
CIA,CHQ
CIA,PFO
CIA,RHO
CIA,SKG
CIA,STN
CIA,ACE
CIA,AGP
CIA,BGY
CIA,BHX
CIA,BLQ
CIA,BRU
CIA,BUD
CIA,BVA
CIA,CIA
CIA,CRL
CIA,DUB
CIA,EDI
CIA,EMA
CIA,FCO
CIA,FEZ
CIA,FUE
CIA,IBZ
CIA,LPA
CIA,LPL
CIA,MAH
CIA,MAN
CIA,NDR
CIA,NYO
CIA,OPO
CIA,PIK
CIA,PMI
CIA,RYG
CIA,SCQ
CIA,SDR
CIA,STN
CIA,SVQ
CIA,TFN
CIA,TFS
CIA,TRN
CIA,TSF
CIA,VLL
CIA,VNO
CIA,WMI
CIA,XRY
CIA,BGY
CIA,BLQ
CIA,BVA
CIA,CIA
CIA,CRL
CIA,EIN
CIA,GRO
CIA,PSA
CIA,STN
CIA,TRN
CIA,TSF
CIA,MRS
CIA,ACE
CIA,AGP
CIA,AHO
CIA,ALC
CIA,ATH
CIA,BCN
CIA,BDS
CIA,BLL
CIA,BRE
CIA,BRI
CIA,BRS
CIA,BTS
CIA,BUD
CIA,BVA
CIA,CAG
CIA,CHQ
CIA,CRL
CIA,CTA
CIA,DUB
CIA,EIN
CIA,EMA
CIA,FEZ
CIA,FUE
CIA,GRO
CIA,GSE
CIA,HHN
CIA,IBZ
CIA,KGS
CIA,KRK
CIA,LBA
CIA,LBC
CIA,LDE
CIA,LPA
CIA,LPP
CIA,MAD
CIA,MAN
CIA,MLA
CIA,NRN
CIA,NYO
CIA,OPO
CIA,PMI
CIA,PMO
CIA,PSR
CIA,RAK
CIA,RHO
CIA,RIX
CIA,RYG
CIA,SCQ
CIA,SDR
CIA,SKG
CIA,STN
CIA,SUF
CIA,SVQ
CIA,SXF
CIA,TFS
CIA,TLL
CIA,TMP
CIA,TPS
CIA,VLC
CIA,VNO
CIA,WMI
CIA,WRO
CIA,ZAZ
CIA,ACE
CIA,AGP
CIA,ALC
CIA,BCN
CIA,BTS
CIA,BZG
CIA,DUB
CIA,FAO
CIA,FUE
CIA,GDN
CIA,IBZ
CIA,KRK
CIA,KTW
CIA,KUN
CIA,LDY
CIA,LPA
CIA,MJV
CIA,MLA
CIA,PMI
CIA,REU
CIA,TFS
CIA,CRL
CIA,DUB
CIA,NYO
CIA,STN
CIA,AGP
CIA,AHO
CIA,ALC
CIA,BGY
CIA,BUD
CIA,CCF
CIA,CFU
CIA,CHQ
CIA,CIA
CIA,FAO
CIA,GRO
CIA,MLA
CIA,PMI
CIA,PSA
CIA,STN
CIA,TFS
CIA,TSF
CIA,ZAD
CIA,ACE
CIA,AGP
CIA,AHO
CIA,ALC
CIA,BCN
CIA,BDS
CIA,BOD
CIA,BRI
CIA,BRS
CIA,BVA
CIA,CRL
CIA,CTA
CIA,DUB
CIA,EDI
CIA,IBZ
CIA,KRK
CIA,MAD
CIA,MAN
CIA,MLA
CIA,NRN
CIA,OPO
CIA,PMI
CIA,PMO
CIA,RYG
CIA,STN
CIA,SUF
CIA,SVQ
CIA,TFS
CIA,TPS
CIA,VLC
CIA,WMI
CIA,WRO
CIA,BLQ
CIA,CIA
CIA,CRL
CIA,EDI
CIA,MRS
CIA,OPO
CIA,STN
CIA,SVQ
CIA,ACE
CIA,AGP
CIA,ALC
CIA,CCF
CIA,CHQ
CIA,FAO
CIA,FUE
CIA,GRO
CIA,IBZ
CIA,LPA
CIA,MJV
CIA,MLA
CIA,PMI
CIA,PSA
CIA,RHO
CIA,TFS
CIA,AGP
CIA,ALC
CIA,BGY
CIA,BZR
CIA,CFU
CIA,CHQ
CIA,DUB
CIA,EDI
CIA,FAO
CIA,FUE
CIA,GRO
CIA,HAU
CIA,LPA
CIA,MAN
CIA,NYO
CIA,OPO
CIA,PMI
CIA,RIX
CIA,SKG
CIA,STN
CIA,TFS
CIA,TLL
CIA,TMP
CIA,TSF
CIA,VNO
CIA,BGY
CIA,BLQ
CIA,BVA
CIA,CAG
CIA,CIA
CIA,CRL
CIA,DUB
CIA,FKB
CIA,GOA
CIA,HHN
CIA,MLA
CIA,MST
CIA,NRN
CIA,PSA
CIA,STN
CIA,SVQ
CIA,TRN
CIA,TRS
CIA,TSF
CIA,VLC
CIA,STN
CIA,ACE
CIA,AGP
CIA,ALC
CIA,BGY
CIA,BLQ
CIA,BUD
CIA,BZR
CIA,CHQ
CIA,DUB
CIA,EGC
CIA,FAO
CIA,GDN
CIA,GRO
CIA,IBZ
CIA,KUN
CIA,LIG
CIA,LPA
CIA,MLA
CIA,NOC
CIA,PMI
CIA,POZ
CIA,REU
CIA,RZE
CIA,TFS
CIA,TSF
CIA,VLC
CIA,WMI
CIA,WRO
CIA,AGP
CIA,ALC
CIA,BCN
CIA,FCO
CIA,LIS
CIA,OPO
CIA,PMI
CIA,TSF
CIA,VLC
CIA,DUB
CIA,STN
CIA,AGP
CIA,AHO
CIA,BGY
CIA,BHX
CIA,BVA
CIA,CIA
CIA,CRL
CIA,DUB
CIA,EDI
CIA,GRO
CIA,LPL
CIA,LTN
CIA,PMI
CIA,STN
CIA,TPS
CIA,BCN
CIA,BGY
CIA,BLL
CIA,BRS
CIA,BVA
CIA,CIA
CIA,CRL
CIA,DUB
CIA,MAD
CIA,MAN
CIA,PSA
CIA,STN
CIA,TMP
CIA,TSF
CIA,ACE
CIA,AGP
CIA,AHO
CIA,ALC
CIA,BCN
CIA,BDS
CIA,BGY
CIA,BLQ
CIA,BRI
CIA,BTS
CIA,BUD
CIA,BZR
CIA,CAG
CIA,CIA
CIA,DUB
CIA,FAO
CIA,FEZ
CIA,GRO
CIA,GSE
CIA,KRK
CIA,LIS
CIA,MAD
CIA,MAN
CIA,NDR
CIA,NYO
CIA,OPO
CIA,OUD
CIA,PMI
CIA,PSA
CIA,PSR
CIA,PUY
CIA,RAK
CIA,RBA
CIA,RYG
CIA,SNN
CIA,SVQ
CIA,TFS
CIA,TNG
CIA,TPS
CIA,TRS
CIA,TSF
CIA,VLC
CIA,VNO
CIA,WMI
CIA,ZAD
CIA,ZAZ
CIA,STN
CIA,BHX
CIA,DUB
CIA,STN
CIA,BRE
CIA,BRS
CIA,BVA
CIA,EDI
CIA,LTN
CIA,MAN
CIA,NRN
CIA,NYO
CIA,RYG
CIA,BGY
CIA,BRI
CIA,BVA
CIA,CIA
CIA,CRL
CIA,CUF
CIA,FKB
CIA,GOA
CIA,GRO
CIA,HHN
CIA,KRK
CIA,KUN
CIA,MAD
CIA,MRS
CIA,NRN
CIA,PEG
CIA,PMF
CIA,PSA
CIA,PSR
CIA,TPS
CIA,TSF
CIA,BLL
CIA,BOH
CIA,CRL
CIA,DUB
CIA,EIN
CIA,EMA
CIA,LPL
CIA,OPO
CIA,PIK
CIA,STN
CIA,OPO
CIA,BLL
CIA,BRE
CIA,CIA
CIA,CRL
CIA,EDI
CIA,EIN
CIA,EMA
CIA,LBA
CIA,MAN
CIA,NRN
CIA,PIK
CIA,RYG
CIA,STN
CIA,AGP
CIA,FAO
CIA,GRO
CIA,PMI
CIA,TFS
CIA,ATH
CIA,BGY
CIA,BLL
CIA,BOH
CIA,BRE
CIA,BRS
CIA,CIA
CIA,CRL
CIA,DUB
CIA,EIN
CIA,EMA
CIA,FMM
CIA,HHN
CIA,KTW
CIA,LBA
CIA,MRS
CIA,NRN
CIA,NYO
CIA,PFO
CIA,RYG
CIA,SKG
CIA,STN
CIA,TSF
CIA,VNO
CIA,WMI
CIA,WRO
CIA,AGP
CIA,AHO
CIA,BCN
CIA,BDS
CIA,BLL
CIA,BOD
CIA,BRI
CIA,BTS
CIA,BUD
CIA,BVA
CIA,CAG
CIA,CFU
CIA,CHQ
CIA,CIY
CIA,CRL
CIA,DUB
CIA,EDI
CIA,EIN
CIA,EMA
CIA,FKB
CIA,FMM
CIA,GSE
CIA,HHN
CIA,IBZ
CIA,KRK
CIA,MAD
CIA,MAN
CIA,MRS
CIA,NRN
CIA,NYO
CIA,OPO
CIA,PIK
CIA,PMI
CIA,POZ
CIA,RAK
CIA,RYG
CIA,SDR
CIA,SKG
CIA,STN
CIA,SVQ
CIA,TPS
CIA,VLC
CIA,VNO
CIA,WMI
CIA,WRO
CIA,CIA
CIA,CRL
CIA,DUB
CIA,HHN
CIA,KUN
CIA,PSA
CIA,STN
CIA,ACE
CIA,AGA
CIA,AGP
CIA,AHO
CIA,ALC
CIA,AOI
CIA,BCN
CIA,BDS
CIA,BGY
CIA,BIQ
CIA,BLQ
CIA,BOD
CIA,BRI
CIA,BTS
CIA,BUD
CIA,CAG
CIA,CCF
CIA,CFU
CIA,CHQ
CIA,CIA
CIA,CIY
CIA,DUB
CIA,EDI
CIA,EGC
CIA,FAO
CIA,FEZ
CIA,FNI
CIA,FSC
CIA,FUE
CIA,GOA
CIA,GRO
CIA,IBZ
CIA,KRK
CIA,LEI
CIA,LPA
CIA,LRH
CIA,MAD
CIA,MAN
CIA,MPL
CIA,MRS
CIA,NDR
CIA,NYO
CIA,OPO
CIA,OUD
CIA,PEG
CIA,PFO
CIA,PGF
CIA,PMI
CIA,PSA
CIA,PSR
CIA,PUY
CIA,RAK
CIA,RBA
CIA,RDZ
CIA,REU
CIA,RHO
CIA,RYG
CIA,SDR
CIA,SKG
CIA,SUF
CIA,SVQ
CIA,TFS
CIA,TGD
CIA,TNG
CIA,TPS
CIA,TRN
CIA,TRS
CIA,TSF
CIA,VLC
CIA,VNO
CIA,VOL
CIA,WMI
CIA,ZAD
CIA,ZAZ
CIA,ZTH
CIA,BGY
CIA,BLQ
CIA,EIN
CIA,FCO
CIA,MAD
CIA,MRS
CIA,TRN
CIA,TSF
CIA,AHO
CIA,CAG
CIA,TPS
CIA,LIS
CIA,OPO
CIA,RAK
CIA,EMA
CIA,STN
CIA,AGP
CIA,AHO
CIA,FAO
CIA,GRO
CIA,KRK
CIA,OPO
CIA,PMI
CIA,STN
CIA,ACE
CIA,AGP
CIA,AHO
CIA,ALC
CIA,BCN
CIA,BGY
CIA,BHX
CIA,BIQ
CIA,BLQ
CIA,BRE
CIA,BRI
CIA,BRS
CIA,BSL
CIA,BTS
CIA,BUD
CIA,BVA
CIA,BZG
CIA,CCF
CIA,CHQ
CIA,CIA
CIA,CIY
CIA,CRL
CIA,EDI
CIA,EIN
CIA,EMA
CIA,FAO
CIA,FMM
CIA,FUE
CIA,GDN
CIA,GRO
CIA,HHN
CIA,IBZ
CIA,KRK
CIA,KTW
CIA,KUN
CIA,LBA
CIA,LEI
CIA,LGW
CIA,LIS
CIA,LPA
CIA,LPL
CIA,LRH
CIA,LTN
CIA,MAD
CIA,MAN
CIA,MJV
CIA,MLA
CIA,NCE
CIA,NCL
CIA,NTE
CIA,OPO
CIA,OTP
CIA,PIK
CIA,PMI
CIA,POZ
CIA,PRG
CIA,PSA
CIA,RAK
CIA,RDZ
CIA,REU
CIA,RIX
CIA,RYG
CIA,RZE
CIA,SDR
CIA,STN
CIA,SVQ
CIA,SXF
CIA,SZZ
CIA,TFS
CIA,TSF
CIA,TUF
CIA,VLC
CIA,VNO
CIA,WMI
CIA,WRO
CIA,ZAD
CIA,FEZ
CIA,OPO
CIA,ACE
CIA,AGP
CIA,ALC
CIA,BCN
CIA,BLQ
CIA,BOD
CIA,BRE
CIA,BTS
CIA,BZR
CIA,CFU
CIA,CIA
CIA,CRL
CIA,DUB
CIA,FAO
CIA,FUE
CIA,GDN
CIA,GSE
CIA,HHN
CIA,KRK
CIA,KUN
CIA,LPA
CIA,MLA
CIA,MRS
CIA,NRN
CIA,PMI
CIA,POZ
CIA,PSA
CIA,RYG
CIA,SDR
CIA,TFS
CIA,STN
CIA,BRS
CIA,CRL
CIA,EMA
CIA,LPL
CIA,STN
CIA,ACE
CIA,AGP
CIA,AHO
CIA,ALC
CIA,BDS
CIA,BGY
CIA,CCF
CIA,CFU
CIA,CHQ
CIA,CIA
CIA,CTA
CIA,DUB
CIA,FAO
CIA,FEZ
CIA,GRO
CIA,IBZ
CIA,KRK
CIA,LPA
CIA,MJV
CIA,MLA
CIA,MRS
CIA,NOC
CIA,OPO
CIA,PMI
CIA,PSA
CIA,RAK
CIA,REU
CIA,STN
CIA,SVQ
CIA,TPS
CIA,TSF
CIA,WMI
CIA,ACE
CIA,AGP
CIA,ALC
CIA,BCN
CIA,BGY
CIA,CCF
CIA,CFU
CIA,CHQ
CIA,CIA
CIA,DNR
CIA,DUB
CIA,EGC
CIA,FAO
CIA,FUE
CIA,GRO
CIA,IBZ
CIA,KRK
CIA,LEI
CIA,LIG
CIA,LPA
CIA,LRH
CIA,MAH
CIA,MJV
CIA,NOC
CIA,ORK
CIA,PMI
CIA,PSA
CIA,REU
CIA,RHO
CIA,RIX
CIA,RZE
CIA,SXF
CIA,TFS
CIA,TSF
CIA,VLC
CIA,WMI
CIA,WRO
CIA,MRS
CIA,BHX
CIA,BLL
CIA,BOH
CIA,BRE
CIA,BRS
CIA,BVA
CIA,CGN
CIA,CRL
CIA,DTM
CIA,DUB
CIA,EDI
CIA,EIN
CIA,EMA
CIA,FMM
CIA,HHN
CIA,KIR
CIA,LBA
CIA,LDY
CIA,LIS
CIA,LPL
CIA,MAN
CIA,MST
CIA,NOC
CIA,NRN
CIA,OPO
CIA,ORK
CIA,PIK
CIA,SNN
CIA,STN
CIA,BCN
CIA,BRU
CIA,CTA
CIA,PMO
CIA,SUF
CIA,BCN
CIA,BGY
CIA,BVA
CIA,CRL
CIA,EBU
CIA,EIN
CIA,FNI
CIA,HHN
CIA,MRS
CIA,NRN
CIA,NTE
CIA,PSA
CIA,STN
CIA,ACE
CIA,AGP
CIA,ALC
CIA,BRI
CIA,CAG
CIA,CIA
CIA,GRO
CIA,LPA
CIA,OPO
CIA,PMI
CIA,SKG
CIA,STN
CIA,TFS
CIA,TPS
CIA,ZAD
CIA,AGP
CIA,AHO
CIA,ALC
CIA,CHQ
CIA,CIA
CIA,DUB
CIA,FAO
CIA,GRO
CIA,OPO
CIA,PMI
CIA,SNN
CIA,STN
CIA,TFS
CIA,TPS
CIA,AGP
CIA,GRO
CIA,CRL
CIA,FEZ
CIA,LPL
CIA,LTN
CIA,CRL
CIA,BCN
CIA,BGY
CIA,BHX
CIA,BOH
CIA,BRE
CIA,CRL
CIA,DUB
CIA,EDI
CIA,EMA
CIA,LBA
CIA,LPL
CIA,LTN
CIA,MAD
CIA,MAN
CIA,NRN
CIA,ORK
CIA,PIK
CIA,PSA
CIA,SNN
CIA,STN
CIA,BHX
CIA,BRS
CIA,DUB
CIA,EDI
CIA,LBA
CIA,MAN
CIA,ORK
CIA,PSA
CIA,RYG
CIA,STN
CIA,WMI
CIA,BRI
CIA,CAG
CIA,CRL
CIA,STN
CIA,TPS
CIA,PFO
CIA,AHO
CIA,BDS
CIA,BGY
CIA,BLL
CIA,BOH
CIA,BRE
CIA,BRS
CIA,BTS
CIA,BVA
CIA,CAG
CIA,CGN
CIA,CRL
CIA,DTM
CIA,DUB
CIA,EIN
CIA,EMA
CIA,FKB
CIA,FMM
CIA,FMO
CIA,GRQ
CIA,HHN
CIA,IBZ
CIA,KRK
CIA,LBA
CIA,LPP
CIA,LTN
CIA,MAN
CIA,MLA
CIA,MST
CIA,NCL
CIA,NRN
CIA,PMI
CIA,POZ
CIA,PSA
CIA,PSR
CIA,RAK
CIA,RBA
CIA,SFT
CIA,SKG
CIA,STN
CIA,TLL
CIA,TMP
CIA,TPS
CIA,WRO
CIA,GRO
CIA,PMI
CIA,AGP
CIA,AHO
CIA,ALC
CIA,BGY
CIA,BVA
CIA,CIA
CIA,EDI
CIA,MLA
CIA,MRS
CIA,PMI
CIA,PSA
CIA,STN
CIA,ZAD
CIA,AGP
CIA,ALC
CIA,BRE
CIA,PSA
CIA,STN
CIA,ZAD
CIA,ACE
CIA,AGP
CIA,AHO
CIA,ALC
CIA,BGY
CIA,BRI
CIA,CAG
CIA,CHQ
CIA,CIA
CIA,CIY
CIA,DUB
CIA,EDI
CIA,FAO
CIA,FEZ
CIA,GRO
CIA,IBZ
CIA,KIR
CIA,KUN
CIA,LIS
CIA,MPL
CIA,NDR
CIA,OPO
CIA,PDV
CIA,PMI
CIA,PSA
CIA,PSR
CIA,PUY
CIA,RAK
CIA,REU
CIA,RIX
CIA,SCQ
CIA,SDR
CIA,SKG
CIA,STN
CIA,SUF
CIA,TFS
CIA,TMP
CIA,TPS
CIA,TSF
CIA,VLC
CIA,VOL
CIA,XRY
CIA,ZAD
CIA,AGP
CIA,BCN
CIA,BGY
CIA,BHX
CIA,BLQ
CIA,BOH
CIA,BRS
CIA,CIA
CIA,CRL
CIA,DUB
CIA,EIN
CIA,EMA
CIA,GRO
CIA,HHN
CIA,LBA
CIA,LPL
CIA,MAD
CIA,MAN
CIA,MRS
CIA,NRN
CIA,PIK
CIA,PSA
CIA,STN
CIA,VLC
CIA,BGY
CIA,KRK
CIA,KUN
CIA,LBA
CIA,LPL
CIA,RYG
CIA,STN
CIA,ALC
CIA,FAO
CIA,HHN
CIA,LTN
CIA,STN
CIA,AGP
CIA,ALC
CIA,BGY
CIA,BHX
CIA,BLQ
CIA,BVA
CIA,CAG
CIA,CIA
CIA,CRL
CIA,DTM
CIA,DUB
CIA,EDI
CIA,EIN
CIA,EMA
CIA,GRO
CIA,KGS
CIA,LBA
CIA,LPL
CIA,MAD
CIA,MAN
CIA,MLA
CIA,NYO
CIA,PFO
CIA,PSA
CIA,RYG
CIA,SNN
CIA,STN
CIA,TPS
CIA,ALC
CIA,BHX
CIA,CHQ
CIA,DUB
CIA,STN
CIA,ALC
CIA,BHX
CIA,BRS
CIA,CAG
CIA,CIY
CIA,DUB
CIA,EDI
CIA,HHN
CIA,KGS
CIA,LGW
CIA,LTN
CIA,MLA
CIA,NOC
CIA,PFO
CIA,PMI
CIA,RHO
CIA,RYG
CIA,STN
CIA,TPS
CIA,ACE
CIA,AGP
CIA,ALC
CIA,BGY
CIA,CFU
CIA,CHQ
CIA,DUB
CIA,FAO
CIA,FUE
CIA,GDN
CIA,GRO
CIA,IBZ
CIA,KGS
CIA,KRK
CIA,LIG
CIA,MJV
CIA,MLA
CIA,MPL
CIA,PMI
CIA,PSA
CIA,TFS
CIA,TSF
CIA,BGY
CIA,PMI
CIA,PSA
CIA,BGY
CIA,STN
CIA,BHX
CIA,FAO
CIA,LPL
CIA,PIK
CIA,STN
CIA,CRL
CIA,DUB
CIA,EMA
CIA,NRN
CIA,STN
CIA,STN
CIA,DUB
CIA,KUN
CIA,ORK
CIA,SNN
CIA,SVQ
CIA,BRS
CIA,EMA
CIA,LBA
CIA,LPL
CIA,STN
CIA,MRS
CIA,OPO
CIA,BRU
CIA,BVA
CIA,DLE
CIA,DUB
CIA,FAO
CIA,HHN
CIA,MAN
CIA,MRS
CIA,OPO
CIA,PSA
CIA,STN
CIA,STN
CIA,BCN
CIA,BGY
CIA,BHX
CIA,BOH
CIA,BRE
CIA,BRS
CIA,CRL
CIA,DUB
CIA,EDI
CIA,EIN
CIA,EMA
CIA,FKB
CIA,LPL
CIA,LTN
CIA,MAD
CIA,MAN
CIA,NRN
CIA,OPO
CIA,ORK
CIA,PIK
CIA,PSA
CIA,SCQ
CIA,SDR
CIA,STN
CIA,SVQ
CIA,VLC
CIA,ACE
CIA,AGP
CIA,ALC
CIA,BCN
CIA,BTS
CIA,CCF
CIA,DUB
CIA,EGC
CIA,FAO
CIA,FNI
CIA,FUE
CIA,IBZ
CIA,KGS
CIA,KRK
CIA,LDY
CIA,LIG
CIA,LPA
CIA,MLA
CIA,NOC
CIA,OPO
CIA,ORK
CIA,PMI
CIA,POZ
CIA,PSA
CIA,REU
CIA,RHO
CIA,SNN
CIA,SZZ
CIA,TFS
CIA,TRF
CIA,VNO
CIA,WMI
CIA,WRO
CIA,BGY
CIA,GRO
CIA,NRN
CIA,CRL
CIA,DUB
CIA,EMA
CIA,OPO
CIA,STN
CIA,ACE
CIA,AHO
CIA,BTS
CIA,BZR
CIA,DUB
CIA,FNI
CIA,FUE
CIA,GRO
CIA,KIR
CIA,KUN
CIA,LPA
CIA,MJV
CIA,MLA
CIA,NOC
CIA,RAK
CIA,REU
CIA,RZE
CIA,TFS
CIA,STN
CIA,ACE
CIA,AHO
CIA,BGY
CIA,BLQ
CIA,BUD
CIA,BVA
CIA,CAG
CIA,CIA
CIA,CRL
CIA,CTA
CIA,DUB
CIA,FUE
CIA,IBZ
CIA,KRK
CIA,LPA
CIA,MAN
CIA,MLA
CIA,MRS
CIA,OPO
CIA,PMI
CIA,PMO
CIA,PSA
CIA,RAK
CIA,RBA
CIA,RYG
CIA,SCQ
CIA,STN
CIA,TFN
CIA,TFS
CIA,TNG
CIA,BCN
CIA,EMA
CIA,VLC
CIA,ACE
CIA,AGP
CIA,ALC
CIA,BCN
CIA,BGY
CIA,BLQ
CIA,BRE
CIA,BUD
CIA,BVA
CIA,BZR
CIA,CFU
CIA,CIA
CIA,CRL
CIA,DUB
CIA,FAO
CIA,FUE
CIA,GDN
CIA,GRO
CIA,IBZ
CIA,KRK
CIA,LIS
CIA,LPA
CIA,MAD
CIA,MJV
CIA,PFO
CIA,PMI
CIA,REU
CIA,RIX
CIA,RYG
CIA,RZE
CIA,TFS
CIA,TLL
CIA,TPS
CIA,VLC
CIA,WMI
CIA,ZAD
CIA,BHX
CIA,BOH
CIA,DUB
CIA,EIN
CIA,EMA
CIA,LBA
CIA,LTN
CIA,MAN
CIA,PIK
CIA,STN
CIA,BGY
CIA,BHX
CIA,BLL
CIA,BLQ
CIA,BOH
CIA,BRI
CIA,BRS
CIA,DUB
CIA,EDI
CIA,EIN
CIA,GRO
CIA,GSE
CIA,KRK
CIA,KUN
CIA,LBA
CIA,LPL
CIA,LTN
CIA,MAD
CIA,MRS
CIA,NYO
CIA,PIK
CIA,PSA
CIA,RYG
CIA,STN
CIA,TPS
CIA,TRN
CIA,TSF
CIA,WRO
CIA,AGP
CIA,STN
CIA,CRL
CIA,HHN
CIA,LBA
CIA,AGA
CIA,AGP
CIA,BES
CIA,BOD
CIA,CAG
CIA,CHQ
CIA,CIA
CIA,CRL
CIA,CTA
CIA,EDI
CIA,EIN
CIA,ESU
CIA,FEZ
CIA,GSE
CIA,IBZ
CIA,LIL
CIA,LIS
CIA,MAD
CIA,MLA
CIA,NDR
CIA,NTE
CIA,OPO
CIA,OUD
CIA,PMI
CIA,PMO
CIA,RAK
CIA,RBA
CIA,STN
CIA,SVQ
CIA,TNG
CIA,TUF
CIA,VLC
CIA,WMI
CIA,ZAD
CIA,ALC
CIA,BRI
CIA,FAO
CIA,GRO
CIA,OPO
CIA,PMI
CIA,TFS
CIA,TPS
CIA,DUB
CIA,SNN
CIA,DUB
CIA,GRO
CIA,BCN
CIA,BVA
CIA,CRL
CIA,HHN
CIA,MRS
CIA,ACE
CIA,AGP
CIA,ALC
CIA,BRS
CIA,EIN
CIA,EMA
CIA,FAO
CIA,KUN
CIA,LPL
CIA,LTN
CIA,STN
CIA,TFS
CIA,ACE
CIA,AGP
CIA,AHO
CIA,ALC
CIA,AOI
CIA,BGY
CIA,BLQ
CIA,BRI
CIA,BZR
CIA,CAG
CIA,CFU
CIA,CHQ
CIA,CIA
CIA,EDI
CIA,FAO
CIA,FEZ
CIA,FUE
CIA,GRO
CIA,IBZ
CIA,LEI
CIA,LPA
CIA,LPP
CIA,OPO
CIA,OUD
CIA,PMI
CIA,PMO
CIA,PSA
CIA,PSR
CIA,RAK
CIA,RIX
CIA,SDR
CIA,SKG
CIA,STN
CIA,SUF
CIA,TFS
CIA,TSF
CIA,VLC
CIA,ZAD
CIA,DUB
CIA,FEZ
CIA,MRS
CIA,AGP
CIA,ALC
CIA,STN
CIA,AGP
CIA,AHO
CIA,ALC
CIA,BCN
CIA,BGY
CIA,BIQ
CIA,BRE
CIA,BVA
CIA,BZR
CIA,CHQ
CIA,CIA
CIA,CRL
CIA,KRK
CIA,MLA
CIA,PFO
CIA,PMI
CIA,PSA
CIA,RHO
CIA,RJK
CIA,SKG
CIA,STN
CIA,TSF
CIA,WMI
CIA,ZAD
CIA,BCN
CIA,BGY
CIA,BLQ
CIA,BOD
CIA,BRE
CIA,BRU
CIA,BVA
CIA,CCF
CIA,CFE
CIA,CIA
CIA,CRL
CIA,DLE
CIA,DTM
CIA,DUB
CIA,EBU
CIA,EIN
CIA,FAO
CIA,FKB
CIA,FMM
CIA,HHN
CIA,LIL
CIA,LIS
CIA,LPA
CIA,LPL
CIA,LRH
CIA,MAD
CIA,MRS
CIA,MST
CIA,NRN
CIA,PMI
CIA,STN
CIA,SXB
CIA,TFS
CIA,TUF
CIA,VLC
CIA,XCR
CIA,ACE
CIA,AGP
CIA,EMA
CIA,FAO
CIA,FUE
CIA,GDN
CIA,LGW
CIA,LPA
CIA,LPL
CIA,PMI
CIA,STN
CIA,TFS
CIA,VNO
CIA,WRO
CIA,STN
CIA,STN
CIA,DUB
CIA,STN
CIA,BVA
CIA,CRL
CIA,MRS
CIA,NRN
CIA,HHN
CIA,STN
CIA,CAG
CIA,CRL
CIA,STN
CIA,TPS
CIA,ATH
CIA,CHQ
CIA,CRL
CIA,GPA
CIA,KRK
CIA,KUN
CIA,MAN
CIA,NYO
CIA,SKG
CIA,STN
CIA,CRL
CIA,STN
CIA,ACE
CIA,AGP
CIA,ALC
CIA,BCN
CIA,CCF
CIA,CFU
CIA,CIA
CIA,DUB
CIA,FAO
CIA,FUE
CIA,IBZ
CIA,LDY
CIA,LPA
CIA,MJV
CIA,MLA
CIA,PMI
CIA,REU
CIA,RIX
CIA,TFS
CIA,WMI
CIA,WRO
CIA,SNN
CIA,STN
CIA,AHO
CIA,CAG
CIA,STN
CIA,TPS
CIA,AAR
CIA,AGP
CIA,BCN
CIA,BGY
CIA,BHX
CIA,BLL
CIA,BLQ
CIA,BOH
CIA,BRE
CIA,BRS
CIA,BRU
CIA,BTS
CIA,BVA
CIA,CGN
CIA,CIA
CIA,CRL
CIA,DTM
CIA,DUB
CIA,EDI
CIA,EIN
CIA,EMA
CIA,FKB
CIA,FMM
CIA,GRO
CIA,GRQ
CIA,GSE
CIA,HHN
CIA,KUN
CIA,LBA
CIA,LBC
CIA,LPL
CIA,MAD
CIA,MAN
CIA,MRS
CIA,MST
CIA,NRN
CIA,NYO
CIA,OPO
CIA,ORK
CIA,PIK
CIA,REU
CIA,RYG
CIA,SCQ
CIA,SDR
CIA,SNN
CIA,STN
CIA,SVQ
CIA,VLC
CIA,WMI
CIA,BGY
CIA,BLQ
CIA,FCO
CIA,MAD
CIA,MRS
CIA,NRN
CIA,PSA
CIA,STN
CIA,SVQ
CIA,TSF
CIA,BRS
CIA,CIA
CIA,DUB
CIA,EDI
CIA,GRO
CIA,LPL
CIA,RYG
CIA,STN
CIA,DUB
CIA,STN
CIA,AHO
CIA,BDS
CIA,BLL
CIA,BOH
CIA,BRI
CIA,BUD
CIA,BVA
CIA,CAG
CIA,CIY
CIA,CRL
CIA,DUB
CIA,EDI
CIA,EIN
CIA,EMA
CIA,FEZ
CIA,FUE
CIA,GDN
CIA,GRO
CIA,GSE
CIA,HAU
CIA,HHN
CIA,IBZ
CIA,KRK
CIA,LBA
CIA,LBC
CIA,LIS
CIA,LPA
CIA,LPL
CIA,MAD
CIA,MLA
CIA,NRN
CIA,NYO
CIA,PMO
CIA,RAK
CIA,SKG
CIA,STN
CIA,SUF
CIA,SVQ
CIA,TFS
CIA,TPS
CIA,TRF
CIA,VLC
CIA,WMI
CIA,BGY
CIA,BVA
CIA,CAG
CIA,CRL
CIA,GRO
CIA,HHN
CIA,NRN
CIA,STN
CIA,BVA
CIA,CRL
CIA,HHN
CIA,RYG
CIA,STN
CIA,BGY
CIA,BVA
CIA,CIA
CIA,CRL
CIA,DLE
CIA,DUB
CIA,EIN
CIA,GRO
CIA,HHN
CIA,LTN
CIA,MAD
CIA,MRS
CIA,NRN
CIA,PSA
CIA,STN
CIA,SVQ
CIA,TUF
CIA,XCR
CIA,BVA
CIA,CRL
CIA,GRO
CIA,MAD
CIA,MRS
CIA,STN
CIA,CRL
CIA,DUB
CIA,STN
CIA,BHX
CIA,BRS
CIA,CRL
CIA,DUB
CIA,EIN
CIA,EMA
CIA,HHN
CIA,LPL
CIA,LTN
CIA,MAN
CIA,PIK
CIA,PMI
CIA,STN
CIA,ATH
CIA,BGY
CIA,BOH
CIA,CRL
CIA,EMA
CIA,KUN
CIA,LPL
CIA,NYO
CIA,RYG
CIA,STN
CIA,BGY
CIA,BRE
CIA,DUB
CIA,EMA
CIA,HHN
CIA,MAN
CIA,NRN
CIA,PIK
CIA,RYG
CIA,STN
CIA,NYO
CIA,AGP
CIA,ALC
CIA,BCN
CIA,BGY
CIA,BLQ
CIA,BVA
CIA,BZR
CIA,CFU
CIA,CHQ
CIA,CIA
CIA,CRL
CIA,DUB
CIA,EDI
CIA,GDN
CIA,KGS
CIA,KRK
CIA,KUN
CIA,MAD
CIA,MAN
CIA,MLA
CIA,PMI
CIA,POZ
CIA,PUY
CIA,RHO
CIA,RIX
CIA,RZE
CIA,SKG
CIA,STN
CIA,SXF
CIA,TLL
CIA,TSF
CIA,VNO
CIA,WMI
CIA,WRO
CIA,ZAD
CIA,BRS
CIA,DUB
CIA,EMA
CIA,LTN
CIA,MAN
CIA,RYG
CIA,STN
CIA,ACE
CIA,AGP
CIA,ALC
CIA,BCN
CIA,BGY
CIA,HHN
CIA,LPA
CIA,MAD
CIA,PMI
CIA,STN
CIA,SVQ
CIA,TFS
CIA,VLC
CIA,ACE
CIA,AGP
CIA,BCN
CIA,BGY
CIA,CIA
CIA,CRL
CIA,DUB
CIA,EDI
CIA,HHN
CIA,LPA
CIA,NRN
CIA,PMI
CIA,STN
CIA,SVQ
CIA,TFS
CIA,VLC
CIA,GRO
CIA,STN
CIA,ATH
CIA,BGY
CIA,BRE
CIA,CHQ
CIA,CIA
CIA,CRL
CIA,FKB
CIA,GRO
CIA,HHN
CIA,NRN
CIA,NYO
CIA,PFO
CIA,PSA
CIA,RYG
CIA,STN
CIA,WMI
CIA,ACE
CIA,AGP
CIA,ALC
CIA,BVA
CIA,FAO
CIA,FMM
CIA,FUE
CIA,KRK
CIA,LGW
CIA,LPL
CIA,NCE
CIA,PIS
CIA,PMI
CIA,STN
CIA,SXF
CIA,TFS
CIA,WMI
CIA,WRO
CIA,AAR
CIA,ACE
CIA,AGP
CIA,AHO
CIA,ALC
CIA,AOI
CIA,ATH
CIA,BCN
CIA,BDS
CIA,BGY
CIA,BIQ
CIA,BLL
CIA,BLQ
CIA,BOD
CIA,BRE
CIA,BRI
CIA,BRQ
CIA,BSL
CIA,BTS
CIA,BUD
CIA,BVE
CIA,BZG
CIA,CCF
CIA,CFU
CIA,CHQ
CIA,CIA
CIA,CIY
CIA,DNR
CIA,DTM
CIA,DUB
CIA,EFL
CIA,EGC
CIA,EIN
CIA,FAO
CIA,FEZ
CIA,FKB
CIA,FMM
CIA,FUE
CIA,GDN
CIA,GOA
CIA,GRO
CIA,GSE
CIA,HAU
CIA,HHN
CIA,IBZ
CIA,KGS
CIA,KIR
CIA,KRK
CIA,KTW
CIA,KUN
CIA,LDE
CIA,LDY
CIA,LEI
CIA,LEJ
CIA,LIG
CIA,LIS
CIA,LNZ
CIA,LPA
CIA,LRH
CIA,LUZ
CIA,MAD
CIA,MJV
CIA,MLA
CIA,MMX
CIA,MRS
CIA,NOC
CIA,NRN
CIA,NUE
CIA,NYO
CIA,OPO
CIA,ORK
CIA,OSI
CIA,OSR
CIA,OTP
CIA,PDV
CIA,PEG
CIA,PFO
CIA,PGF
CIA,PIS
CIA,PMF
CIA,PMI
CIA,PMO
CIA,POZ
CIA,PRG
CIA,PSA
CIA,PSR
CIA,PUY
CIA,RAK
CIA,RBA
CIA,RDZ
CIA,REU
CIA,RHO
CIA,RIX
CIA,RYG
CIA,RZE
CIA,SCQ
CIA,SDR
CIA,SFT
CIA,SKG
CIA,SNN
CIA,SUF
CIA,SVQ
CIA,SXB
CIA,SXF
CIA,SZG
CIA,SZZ
CIA,TFS
CIA,TGD
CIA,TLL
CIA,TLN
CIA,TMP
CIA,TRF
CIA,TRN
CIA,TRS
CIA,TSF
CIA,TUF
CIA,VLC
CIA,VNO
CIA,VST
CIA,WMI
CIA,WRO
CIA,XRY
CIA,ZAD
CIA,ZAZ
CIA,BGY
CIA,BLQ
CIA,CRL
CIA,FCO
CIA,HHN
CIA,NRN
CIA,PSA
CIA,STN
CIA,TSF
CIA,ACE
CIA,BCN
CIA,BGY
CIA,BLQ
CIA,BOD
CIA,BRI
CIA,BVA
CIA,CIA
CIA,CRL
CIA,DUB
CIA,EIN
CIA,LGW
CIA,LPA
CIA,MRS
CIA,PMI
CIA,PMO
CIA,PSA
CIA,RAK
CIA,SCQ
CIA,SDR
CIA,STN
CIA,TFS
CIA,OPO
CIA,STN
CIA,BGY
CIA,DUB
CIA,EMA
CIA,RYG
CIA,SNN
CIA,STN
CIA,STN
CIA,DUB
CIA,LPL
CIA,STN
CIA,BCN
CIA,MAD
CIA,BCN
CIA,BGY
CIA,BHX
CIA,BLL
CIA,BLQ
CIA,BOH
CIA,BRE
CIA,BRS
CIA,BVA
CIA,CGN
CIA,CRL
CIA,DUB
CIA,EDI
CIA,EMA
CIA,FKB
CIA,FMM
CIA,HHN
CIA,LBA
CIA,LPL
CIA,LTN
CIA,MAD
CIA,MAN
CIA,MST
CIA,NOC
CIA,NRN
CIA,OPO
CIA,ORK
CIA,PIK
CIA,PSA
CIA,SCQ
CIA,SDR
CIA,SNN
CIA,STN
CIA,SVQ
CIA,VLC
CIA,CRL
CIA,STN
CIA,BGY
CIA,BRE
CIA,GRO
CIA,MAN
CIA,RYG
CIA,STN
CIA,STN
CIA,AGP
CIA,ALC
CIA,BGY
CIA,BRE
CIA,BUD
CIA,GRO
CIA,HHN
CIA,STN
CIA,BVA
CIA,CRL
CIA,MAD
CIA,MRS
CIA,AOI
CIA,BGY
CIA,BLQ
CIA,BTS
CIA,BVA
CIA,CAG
CIA,CIA
CIA,CRL
CIA,CUF
CIA,EIN
CIA,FKB
CIA,FMM
CIA,GOA
CIA,GRO
CIA,HHN
CIA,KRK
CIA,KUN
CIA,MAN
CIA,MLA
CIA,MST
CIA,PEG
CIA,PMF
CIA,PSA
CIA,TRN
CIA,TRS
CIA,TSF
CIA,WMI
CIA,AGP
CIA,AHO
CIA,ALC
CIA,LPL
CIA,PSA
CIA,STN
CIA,BCN
CIA,BDS
CIA,BRI
CIA,CRL
CIA,CTA
CIA,MLA
CIA,STN
CIA,TPS
CIA,AHO
CIA,BRI
CIA,BVA
CIA,CRL
CIA,STN
CIA,TPS
CIA,VLC
CIA,AGP
CIA,AHO
CIA,BCN
CIA,BDS
CIA,BLL
CIA,BRE
CIA,BRI
CIA,BRS
CIA,BRU
CIA,BUD
CIA,BVA
CIA,CAG
CIA,CHQ
CIA,CRL
CIA,CTA
CIA,DUB
CIA,EIN
CIA,EMA
CIA,HHN
CIA,LBA
CIA,MLA
CIA,NRN
CIA,NYO
CIA,PMO
CIA,RYG
CIA,STN
CIA,SUF
CIA,TPS
CIA,VLC
CIA,DUB
CIA,MRS
CIA,OPO
CIA,RAK
CIA,STN
CIA,BGY
CIA,BLQ
CIA,BRI
CIA,BRS
CIA,BRU
CIA,BVA
CIA,CIA
CIA,CRL
CIA,DUB
CIA,EMA
CIA,HHN
CIA,IBZ
CIA,LPA
CIA,MAH
CIA,MAN
CIA,MRS
CIA,NRN
CIA,OPO
CIA,PMI
CIA,PSA
CIA,SCQ
CIA,SDR
CIA,STN
CIA,TFS
CIA,TRS
CIA,TSF
CIA,BCN
CIA,BCN
CIA,BGY
CIA,BRE
CIA,BVA
CIA,CHQ
CIA,CIA
CIA,CRL
CIA,DUB
CIA,LPL
CIA,ORK
CIA,RYG
CIA,STN
CIA,CRL
CIA,HHN
CIA,AGP
CIA,ALC
CIA,STN
CIA,ALC
CIA,ALC
CIA,BCN
CIA,BGY
CIA,BLQ
CIA,BRS
CIA,BVA
CIA,CHQ
CIA,CIA
CIA,CRL
CIA,DUB
CIA,EIN
CIA,EMA
CIA,GDN
CIA,LPL
CIA,MAN
CIA,MRS
CIA,NYO
CIA,PIK
CIA,PMI
CIA,PSA
CIA,RYG
CIA,SKG
CIA,SNN
CIA,STN
CIA,TPS
CIA,WRO
CIA,AGP
CIA,ALC
CIA,BGY
CIA,BLQ
CIA,BRS
CIA,CHQ
CIA,CIA
CIA,DUB
CIA,EMA
CIA,GRO
CIA,LPL
CIA,MLA
CIA,ORK
CIA,PIK
CIA,RYG
CIA,SNN
CIA,STN
CIA,WMI
CIA,OPO
CIA,RAK
CIA,BCN
CIA,HHN
CIA,STN
CIA,BLL
CIA,BVA
CIA,CRL
CIA,DUB
CIA,FKB
CIA,GSE
CIA,HAU
CIA,HHN
CIA,MAN
CIA,MRS
CIA,NRN
CIA,NYO
CIA,RYG
CIA,STN
CIA,ACE
CIA,BGY
CIA,BVA
CIA,CRL
CIA,STN
CIA,CRL
